{
  "__type__": "cc.Skeleton",
  "_name": "Skin-1",
  "_objFlags": 0,
  "_native": "",
  "_joints": [
    "RootNode/Bip001/Bone005"
  ],
  "_bindposes": [
    {
      "__type__": "cc.Mat4",
      "m00": -0.015152582898736,
      "m01": 0.9999036192893982,
      "m02": -0.00005647601938107982,
      "m03": 0,
      "m04": -1.0501598119735718,
      "m05": -0.01442745327949524,
      "m06": -0.0037552216090261936,
      "m07": 0,
      "m08": -0.003944466821849346,
      "m09": 0.000002292308636242524,
      "m10": 0.9999929070472717,
      "m11": 0,
      "m12": 0.01326590497046709,
      "m13": -0.000010803745681187138,
      "m14": -0.00008726286614546552,
      "m15": 1
    }
  ],
  "_hash": 2924698965
}