{
  "__type__": "cc.Skeleton",
  "_name": "Skin-1",
  "_objFlags": 0,
  "_native": "",
  "_joints": [
    "RootNode/Bip001/Bip001 Pelvis/Bip001 Spine/Bip001 Spine1/Bip001 L Clavicle/Bip001 L UpperArm/Bip001 L Forearm/Bip001 L Hand/Bip001 Prop2"
  ],
  "_bindposes": [
    {
      "__type__": "cc.Mat4",
      "m00": 0.0000016093256363092223,
      "m01": 1,
      "m02": -6.123234262925839e-17,
      "m03": 0,
      "m04": -1,
      "m05": 0.0000016093256363092223,
      "m06": 6.123224336758489e-17,
      "m07": 0,
      "m08": 6.123234262925839e-17,
      "m09": 6.123224336758489e-17,
      "m10": 1,
      "m11": 0,
      "m12": -0.000011008163710357621,
      "m13": 0.0012004489544779062,
      "m14": -0.00008552193321520463,
      "m15": 1
    }
  ],
  "_hash": 320447383
}