{
  "__type__": "cc.Skeleton",
  "_name": "Skin-1",
  "_objFlags": 0,
  "_native": "",
  "_joints": [
    "RootNode/Bip001/Bip001 Pelvis/Bip001 Spine/Bip001 Spine1/Bip001 Neck/Bip001 Head/Bone001"
  ],
  "_bindposes": [
    {
      "__type__": "cc.Mat4",
      "m00": -4.176741086325819e-8,
      "m01": -2.1325841714769922e-7,
      "m02": -1,
      "m03": 0,
      "m04": -0.7683599591255188,
      "m05": 0.6400179862976074,
      "m06": -1.0439683961749324e-7,
      "m07": 0,
      "m08": 0.6400179862976074,
      "m09": 0.768359899520874,
      "m10": -1.905911375388314e-7,
      "m11": 0,
      "m12": -0.941081166267395,
      "m13": -1.2653026580810547,
      "m14": 3.830964772078005e-7,
      "m15": 1
    }
  ],
  "_hash": 3862465422
}