{
  "__type__": "cc.Skeleton",
  "_name": "Skin-1",
  "_objFlags": 0,
  "_native": "",
  "_joints": [
    "RootNode/Bip001/Bip001 Pelvis/Bip001 Spine/Bip001 Neck/Bip001 R Clavicle/Bip001 R UpperArm/Bip001 R Forearm/Bip001 R Hand/Dummy001"
  ],
  "_bindposes": [
    {
      "__type__": "cc.Mat4",
      "m00": -0.0000015782521813889616,
      "m01": -2.004310601932957e-7,
      "m02": -1.2374769449234009,
      "m03": 0,
      "m04": -1.2370736598968506,
      "m05": -0.03159503638744354,
      "m06": 0.0000015828551340746344,
      "m07": 0,
      "m08": -0.03159504756331444,
      "m09": 1.2370736598968506,
      "m10": -1.6007011538476945e-7,
      "m11": 0,
      "m12": 0.012416530400514603,
      "m13": -0.008219067007303238,
      "m14": -0.02526838332414627,
      "m15": 1
    }
  ],
  "_hash": 128848428
}