{
  "__type__": "cc.Skeleton",
  "_name": "Skin-1",
  "_objFlags": 0,
  "_native": "",
  "_joints": [
    "RootNode/Bip001/Bip001 Pelvis/Bip001 Spine/Bip001 Neck/Bip001 R Clavicle/Bip001 R UpperArm/Bip001 R Forearm/Bip001 R Hand/Dummy001"
  ],
  "_bindposes": [
    {
      "__type__": "cc.Mat4",
      "m00": -0.000001772842892933113,
      "m01": -4.5289525019143184e-7,
      "m02": -1.2374769449234009,
      "m03": 0,
      "m04": -1.237073540687561,
      "m05": -0.03159483149647713,
      "m06": 0.000001783827997314802,
      "m07": 0,
      "m08": -0.031594838947057724,
      "m09": 1.2370736598968506,
      "m10": -4.074840660450718e-7,
      "m11": 0,
      "m12": -0.0002188069629482925,
      "m13": 0.0012409102637320757,
      "m14": -0.00003645201286417432,
      "m15": 1
    }
  ],
  "_hash": 32167188
}