{
  "__type__": "cc.Skeleton",
  "_name": "Skin-1",
  "_objFlags": 0,
  "_native": "",
  "_joints": [
    "RootNode/Root/Bip001/Bip001 Pelvis/Bip001 Spine/Bip001 Spine1/Bip001 L Clavicle/Bip001 L UpperArm/Bip001 L Forearm/Bip001 L Hand/Dummy001"
  ],
  "_bindposes": [
    {
      "__type__": "cc.Mat4",
      "m00": 1.6292067073209182e-7,
      "m01": -4.371138828673793e-8,
      "m02": -1,
      "m03": 0,
      "m04": -1,
      "m05": -7.0602567845898245e-15,
      "m06": -1.6292067073209182e-7,
      "m07": 0,
      "m08": 6.123234262925839e-17,
      "m09": 1,
      "m10": -4.371138828673793e-8,
      "m11": 0,
      "m12": 0.000012035093277518172,
      "m13": -0.00037680394598282874,
      "m14": 0.00019683838763739914,
      "m15": 1
    }
  ],
  "_hash": 3886579449
}