{
  "__type__": "cc.Skeleton",
  "_name": "Skin-2",
  "_objFlags": 0,
  "_native": "",
  "_joints": [
    "RootNode/Root/Bip001/Bip001 Pelvis/Bip001 Spine/Bip001 Spine1/Bip001 R Clavicle/Bip001 R UpperArm/Bip001 R Forearm/Bip001 R Hand/Dummy002"
  ],
  "_bindposes": [
    {
      "__type__": "cc.Mat4",
      "m00": 0.10624338686466217,
      "m01": -2.369630891507768e-7,
      "m02": -0.994340181350708,
      "m03": 0,
      "m04": -0.991413414478302,
      "m05": -0.07666897773742676,
      "m06": -0.10593065619468689,
      "m07": 0,
      "m08": -0.07623501867055893,
      "m09": 0.9970565438270569,
      "m10": -0.008145807310938835,
      "m11": 0,
      "m12": 0.0000631152797723189,
      "m13": -0.00003201282015652396,
      "m14": -0.0002455386274959892,
      "m15": 1
    }
  ],
  "_hash": 4190280183
}