{
  "__version__": "1.0.0",
  "current-scene": "7fc87fda-51de-4954-a3dc-08a441224300",
  "gizmos-infos": {
    "is2D": false,
    "is3DIcon": false,
    "iconSize": 2,
    "gridVisible": true,
    "gridColor": [
      150,
      150,
      150,
      255
    ],
    "isIconGizmo3D": false,
    "iconGizmoSize": 2,
    "isGridVisible": true
  },
  "camera-infos": {
    "f46876e4-e81b-4931-b493-6d367be385e7": {
      "position": {
        "x": 50,
        "y": 50,
        "z": 50
      },
      "rotation": {
        "x": -0.27984814233312133,
        "y": 0.3647051996310009,
        "z": 0.11591689595929514,
        "w": 0.8804762392171493
      },
      "viewCenter": {
        "x": 0,
        "y": 0,
        "z": 0
      }
    },
    "bab0f0c9-300f-4635-a242-b8b1547e3161": {
      "position": {
        "x": 5.821974268434133,
        "y": 0.4662727094665229,
        "z": 802.3745168613597
      },
      "rotation": {
        "x": 0.16179129578144957,
        "y": -0.25091594118951016,
        "z": 0.04257837472376557,
        "w": 0.9534421057789637
      },
      "viewCenter": {
        "x": 378.7243171852397,
        "y": 265.19045169741133,
        "z": 142.95672977862148
      }
    },
    "cbcf68d9-2c2d-47bd-9757-3cb27b1a221e": {
      "position": {
        "x": 499.6240680509661,
        "y": 337.4349289855198,
        "z": 5000
      },
      "rotation": {
        "x": 0,
        "y": 0,
        "z": 0,
        "w": 1
      },
      "viewCenter": {
        "x": 0,
        "y": 0,
        "z": 0
      }
    },
    "4120ef77-a987-44dc-80f7-df0a8cafab25": {
      "position": {
        "x": 479.99999999999994,
        "y": 319.99999999999994,
        "z": 5000
      },
      "rotation": {
        "x": 0,
        "y": 0,
        "z": 0,
        "w": 1
      },
      "viewCenter": {
        "x": 473.83325600410603,
        "y": 321.6610335921504,
        "z": 4940.670414320081
      }
    },
    "7fc87fda-51de-4954-a3dc-08a441224300": {
      "position": {
        "x": 479.99999999999994,
        "y": 319.99999999999994,
        "z": 805.94717654237
      },
      "rotation": {
        "x": 0,
        "y": 0,
        "z": 0,
        "w": 1
      },
      "viewCenter": {
        "x": 0,
        "y": 0,
        "z": 0
      }
    },
    "f81419b7-4653-4f07-b360-9c0079fdea12": {
      "position": {
        "x": 480,
        "y": 320,
        "z": 956.5013980551659
      },
      "rotation": {
        "x": 0,
        "y": 0,
        "z": 0,
        "w": 1
      },
      "viewCenter": {
        "x": 0,
        "y": 0,
        "z": 0
      }
    },
    "7afbb2ba-2952-4724-a619-1263fc98bced": {
      "position": {
        "x": 480,
        "y": 320,
        "z": 869.2914568824796
      },
      "rotation": {
        "x": 0,
        "y": 0,
        "z": 0,
        "w": 1
      },
      "viewCenter": {
        "x": 0,
        "y": 0,
        "z": 0
      }
    },
    "1c32724e-8a24-4f57-a98f-385fcfc7dbe7": {
      "position": {
        "x": 730,
        "y": 413,
        "z": 1240
      },
      "rotation": {
        "x": 0,
        "y": 0,
        "z": 0,
        "w": 1
      },
      "viewCenter": {
        "x": 730,
        "y": 413,
        "z": 1000
      }
    },
    "2b844d2f-9cb5-4ca5-892a-e76d27afba33": {
      "position": {
        "x": -602.6218755594311,
        "y": 47.63344966289918,
        "z": 3.6103047466884846
      },
      "rotation": {
        "x": -0.6462474644443317,
        "y": -0.028014009764642522,
        "z": -0.02375091439864732,
        "w": 0.7622436119912104
      },
      "viewCenter": {
        "x": -602.0365203091205,
        "y": -0.4526140013635711,
        "z": -4.34251312219393
      }
    },
    "3d3bd546-b971-49ec-a350-c1902f5e5c12": {
      "position": {
        "x": 480,
        "y": 320,
        "z": 5000
      },
      "rotation": {
        "x": 0,
        "y": 0,
        "z": 0,
        "w": 1
      },
      "viewCenter": {
        "x": 0,
        "y": 0,
        "z": 0
      }
    },
    "4795f0c6-f538-4fb4-9151-25f6dee384e9": {
      "position": {
        "x": 480,
        "y": 320,
        "z": 5000
      },
      "rotation": {
        "x": 0,
        "y": 0,
        "z": 0,
        "w": 1
      },
      "viewCenter": {
        "x": 0,
        "y": 0,
        "z": 0
      }
    },
    "a15ba840-ef1b-4ab3-ba9f-fe90631f90df": {
      "position": {
        "x": 480,
        "y": 320,
        "z": 956.5013980551659
      },
      "rotation": {
        "x": 0,
        "y": 0,
        "z": 0,
        "w": 1
      },
      "viewCenter": {
        "x": 0,
        "y": 0,
        "z": 0
      }
    },
    "9af60449-bb86-4917-bd70-3fbee53a0e7f": {
      "position": {
        "x": 8.749466085970132,
        "y": 7.021679996514963,
        "z": 5.461238670794952
      },
      "rotation": {
        "x": 0.37992965159945896,
        "y": -0.23936366637730486,
        "z": -0.10245619378715157,
        "w": -0.8876154402743535
      },
      "viewCenter": {
        "x": 5.573,
        "y": 0.4,
        "z": 0
      }
    },
    "138ba6e6-2d04-41d2-b1e4-d5172c83d00a": {
      "position": {
        "x": 8.181241617150363,
        "y": 4.511345073514519,
        "z": 3.6883325266712745
      },
      "rotation": {
        "x": -0.19499832281084384,
        "y": 0.5267888813553991,
        "z": 0.12561901660965732,
        "w": 0.8177340589992002
      },
      "viewCenter": {
        "x": 0.058,
        "y": 0,
        "z": 0
      }
    }
  },
  "camera-uuids": [
    "7fc87fda-51de-4954-a3dc-08a441224300"
  ],
  "float-window": {
    "position": {
      "cc": {
        "Camera": {
          "dock": false,
          "top": null,
          "bottom": 10,
          "left": null,
          "right": 10
        },
        "ParticleSystem": {
          "dock": true,
          "top": null,
          "bottom": 23,
          "left": null,
          "right": 18
        },
        "Terrain": {
          "dock": false,
          "top": null,
          "bottom": 10,
          "left": null,
          "right": 10
        }
      }
    }
  },
  "camera": {
    "fov": 45,
    "far": 10000,
    "near": 0.01,
    "color": [
      48,
      48,
      48,
      255
    ],
    "wheelSpeed": 0.01,
    "wanderSpeed": 10,
    "enableAcceleration": true,
    "far2D": 10000,
    "near2D": 1,
    "wheelSpeed2D": 6
  },
  "fcemV5PuVKy5dLRrFOvE97": {
    "layer": 0,
    "sculpt_brush": "",
    "paint_brush": "",
    "sculpt": {
      "radius": 5,
      "strength": 5
    },
    "paint": {
      "radius": 5,
      "strength": 5
    }
  }
}
