{
  "__type__": "cc.Skeleton",
  "_name": "Skin-1",
  "_objFlags": 0,
  "_native": "",
  "_joints": [
    "RootNode/Bip001/Bip001 Pelvis/Bip001 Spine/Bip001 Spine1/Bip001 L Clavicle/Bip001 L UpperArm/Bip001 L Forearm/Bip001 L Hand/Dummy001"
  ],
  "_bindposes": [
    {
      "__type__": "cc.Mat4",
      "m00": 3.39798845061523e-7,
      "m01": -8.940698137394065e-8,
      "m02": -1.0000001192092896,
      "m03": 0,
      "m04": 1.0000001192092896,
      "m05": 3.0319154711811944e-14,
      "m06": 3.39798845061523e-7,
      "m07": 0,
      "m08": -6.123234924670329e-17,
      "m09": -1.0000001192092896,
      "m10": 8.940698137394065e-8,
      "m11": 0,
      "m12": 6.042111255766258e-10,
      "m13": -0.0000060457018662418704,
      "m14": -0.000024027825929806568,
      "m15": 1
    }
  ],
  "_hash": 2309025114
}