{
  "__type__": "cc.Skeleton",
  "_name": "Skin-2",
  "_objFlags": 0,
  "_native": "",
  "_joints": [
    "RootNode/Bip001/Bip001 Pelvis/Bip001 Spine/Bip001 Spine1/Bip001 R Clavicle/Bip001 R UpperArm/Bip001 R Forearm/Bip001 R Hand/Dummy002"
  ],
  "_bindposes": [
    {
      "__type__": "cc.Mat4",
      "m00": 4.95031770242349e-7,
      "m01": -1.291695994609654e-8,
      "m02": -1.0000001192092896,
      "m03": 0,
      "m04": -1.000000238418579,
      "m05": -8.7422719730057e-8,
      "m06": -4.950316565555113e-7,
      "m07": 0,
      "m08": -8.742275525719378e-8,
      "m09": 0.9999998211860657,
      "m10": -1.2917006131374364e-8,
      "m11": 0,
      "m12": 0.0031682797707617283,
      "m13": -0.00019518389308359474,
      "m14": -0.000026775516744237393,
      "m15": 1
    }
  ],
  "_hash": 662229150
}