{
  "__type__": "cc.Skeleton",
  "_name": "Skin-0",
  "_objFlags": 0,
  "_native": "",
  "_joints": [
    "RootNode/Bip001/Dummy001"
  ],
  "_bindposes": [
    {
      "__type__": "cc.Mat4",
      "m00": 1.0000001192092896,
      "m01": 1.1836532110010012e-7,
      "m02": 1.0931396587920972e-7,
      "m03": 0,
      "m04": 1.0931400851177386e-7,
      "m05": -2.086162567138672e-7,
      "m06": -1,
      "m07": 0,
      "m08": -1.1836529978381805e-7,
      "m09": 1,
      "m10": -2.086162567138672e-7,
      "m11": 0,
      "m12": 0.44676756858825684,
      "m13": -0.35893765091896057,
      "m14": 9.247229115771916e-8,
      "m15": 1
    }
  ],
  "_hash": 3965532710
}